pdb_position,chain,pdb_aa,wcn_sc,wcn_ca
1,4,G,0.27764774482397636,0.34060781940974183
2,4,A,0.32793018331023477,0.43693712008290825
3,4,Q,0.2793134378463867,0.4108422255420947
4,4,V,0.28932881253863335,0.4112059677195175
5,4,S,0.27159567723391403,0.3886638785493554
6,4,R,0.16118780062898228,0.3681094446984602
7,4,Q,0.16772168312451435,0.3249874038600936
8,4,S,0.18607067802053803,0.32338324007794017
9,4,L,0.18223292323717638,0.33478249053628273
10,4,N,0.24232289620172956,0.407197749667775
11,4,Y,0.28867315222409945,0.4131821729320786
12,4,F,0.2850355456955464,0.43346186008223253
13,4,N,0.32889776038914914,0.43528927087462255
14,4,I,0.31746043507034305,0.4472543290091271
15,4,N,0.3230776930816519,0.4441514676727981
16,4,Y,0.24502318055712963,0.3566911751588353
17,4,F,0.23566794590167503,0.3644725503031609
18,4,K,0.1523588385998406,0.3173095846908701
19,4,D,0.2347378733964807,0.3438685514920875
20,4,A,0.25006057099147433,0.35499111813348994
21,4,A,0.23636195696592213,0.3261980759559949
22,4,S,0.3090452677195454,0.3738188557606026
23,4,S,0.33640570078438103,0.40891267091056427
24,4,G,0.2770661490189805,0.33947580686936685
25,4,A,0.2078044772931239,0.30301164501493294
26,4,S,0.20473693875225654,0.31502211668283825
27,4,R,0.22127094307495787,0.2926978960033575
28,4,L,0.1358757814155945,0.24686237621381935
29,4,D,0.10566907121741247,0.16308252688863645
