pdb_position,chain,pdb_aa,wcn_sc,wcn_ca
1,B,E,0.11602635298544034,0.16679520120510927
2,B,T,0.17087151430135944,0.24156719826355835
3,B,S,0.18200071060677184,0.26994333148936533
4,B,Y,0.1884420238829927,0.2855276548344347
5,B,T,0.18182907163388248,0.2918883192567652
6,B,L,0.20401700190959507,0.30033499007908465
7,B,N,0.20565729753863993,0.30836954877408396
8,B,E,0.22629806179914033,0.31146401701115967
9,B,V,0.20780190091250222,0.31171007836650433
10,B,V,0.2877789779939206,0.35750261263546357
11,B,P,0.27766824627670017,0.3622083645457539
12,B,L,0.31305373093618927,0.42313376751010096
13,B,K,0.21758417324609453,0.40631214201713156
14,B,E,0.2610595748847147,0.35745198880478646
15,B,F,0.2697624325322639,0.3676750716682752
16,B,V,0.3252361389950293,0.41271711158867924
17,B,P,0.2512347367603425,0.37374053868623225
18,B,E,0.2132267732382579,0.3516796691598927
19,B,W,0.20056029646139886,0.3484202755053022
20,B,V,0.3042586624364967,0.3777560695911758
21,B,R,0.19129646399858488,0.34373295893593425
22,B,I,0.32705671808051195,0.36499998552939295
23,B,G,0.3165527971249644,0.3615739213434008
24,B,F,0.3300292022316019,0.3672739787646341
25,B,S,0.2609555473837029,0.352037533033208
26,B,A,0.3220125455415454,0.3633503376599884
27,B,T,0.2499926862372304,0.3427169187786387
28,B,T,0.2907412983098686,0.36329809051018447
29,B,G,0.25195933510593405,0.31108030215187343
30,B,A,0.19003490143914517,0.25738382499485163
31,B,E,0.19018940201410464,0.29997756693003136
32,B,F,0.21080946843232742,0.344855000438818
33,B,A,0.2604838598026348,0.32253335768463165
34,B,A,0.24285058213069063,0.32272358253445355
35,B,H,0.31853229955815743,0.35998736880563015
36,B,E,0.23148707720789966,0.34573405366186993
37,B,V,0.2888070545228056,0.35893530701679455
38,B,L,0.19737178972429864,0.30702538576135774
39,B,S,0.1971720667267937,0.318923847643528
40,B,W,0.29252614418504375,0.3400477620513468
41,B,Y,0.2052117352813211,0.3209806450079511
42,B,F,0.31555527780776377,0.34137823697327335
43,B,N,0.2567869647340048,0.324841223015386
44,B,S,0.29951578362213854,0.3387154567278487
45,B,E,0.21767020778484508,0.3163915218295134
46,B,L,0.24825051746444254,0.32265071372854687
47,B,S,0.2078077090222625,0.2959774424005409
48,B,V,0.19288446857602004,0.2744174552941261
49,B,T,0.16386506667079698,0.24477193140118006
50,B,S,0.13891046491703532,0.1807129426200284
