pdb_position,chain,pdb_aa,wcn_sc,wcn_ca
1,D,E,0.1360341378156136,0.1713195592203178
2,D,T,0.1682854787904412,0.24119510499220112
3,D,S,0.19448679038326872,0.27627978261157504
4,D,Y,0.17955731901185124,0.2854976935700501
5,D,T,0.19547060579928838,0.29700031509775954
6,D,L,0.20366656569562788,0.3028858897813262
7,D,N,0.20236783439833,0.30680420043279494
8,D,E,0.23387514866577336,0.3191205975041018
9,D,V,0.21720698665868354,0.3191280551580908
10,D,V,0.305681474367703,0.36060389526806486
11,D,P,0.2922577452788648,0.37363845016275354
12,D,L,0.325247187707907,0.43654021412335275
13,D,K,0.236851634467016,0.4075569327560463
14,D,E,0.26755503831512323,0.3627302528141444
15,D,F,0.27302339663649083,0.38021888824788097
16,D,V,0.3241179986097512,0.4078610765046291
17,D,P,0.24977814347167426,0.37756376613180376
18,D,E,0.21650104516681823,0.35735748065813167
19,D,W,0.20331439281445737,0.3554199969297473
20,D,V,0.30455573397221947,0.38204169300311625
21,D,R,0.18626628024661285,0.35248540602661677
22,D,I,0.32771488611529614,0.3733556381885341
23,D,G,0.3144868401400312,0.36638895369112556
24,D,F,0.32926630624276443,0.3705116245883818
25,D,S,0.2654780733664594,0.3573576480563079
26,D,A,0.3292593878426549,0.3719197049847628
27,D,T,0.2573719076670754,0.350189700871158
28,D,T,0.29785917663317263,0.3745972921297908
29,D,G,0.25244593560986306,0.3167067174039744
30,D,A,0.18189143135452784,0.26201539025547266
31,D,E,0.18702642586127774,0.29914532696858465
32,D,F,0.20900013364454134,0.3476395833074142
33,D,A,0.27319084780066044,0.32618826684719393
34,D,A,0.2456396978360216,0.3236166450116334
35,D,H,0.3244555581608827,0.36484054042579217
36,D,E,0.23090459370431576,0.3462144920177698
37,D,V,0.2856323213683835,0.35664015210722344
38,D,L,0.19876517526769297,0.30615673954351624
39,D,S,0.19551485729127752,0.3189885364700211
40,D,W,0.2928317600926982,0.3428410155538706
41,D,Y,0.20334912962120286,0.325324692776794
42,D,F,0.31333085701177804,0.3474603453766064
43,D,H,0.24608060479497837,0.3361562227038282
44,D,S,0.3062331936908925,0.36075882911330176
45,D,E,0.25730375023755175,0.3596226369672026
46,D,L,0.30531007897142126,0.3862406259136084
47,D,A,0.37326095902791856,0.4122046752973939
48,D,G,0.3143595852536694,0.3338738125515019
49,D,T,0.25451754490380646,0.30548804711857325
50,D,S,0.2871099788463721,0.31498011433365575
51,D,S,0.26390142100389247,0.3327800097590029
52,D,N,0.2478500266045922,0.3096819903257675
