pdb_position,chain,pdb_aa,wcn_sc,wcn_ca
1,B,Q,0.11348352393950675,0.1832367395075684
2,B,T,0.11695852866281925,0.2167750898697924
3,B,A,0.19378690715874394,0.26660267048840813
4,B,R,0.13087119123219318,0.2418885832741752
6,B,K,0.1502744706046776,0.226884404731978
8,B,T,0.17195431420124085,0.21907942765431027
9,B,G,0.22184309855048417,0.247430720112617
10,B,G,0.20513931773941674,0.24986389303708517
11,B,K,0.15565993659898314,0.2596815165196175
12,B,A,0.17208344479651255,0.2628569258322218
13,B,P,0.17967873551780794,0.27942546900222626
14,B,R,0.16655589849338825,0.27466359825846476
15,B,K,0.13661307236393136,0.2753174404601549
16,B,Q,0.11170456066258797,0.2606327768817792
17,B,L,0.10924766952569445,0.22959869790893675
18,B,A,0.16921602216608997,0.25637410952436784
19,B,S,0.13243163607823535,0.20497441438600314
20,B,K,0.1679935416042403,0.15608183419561986
