pdb_position,chain,pdb_aa,wcn_sc,wcn_ca
1,4,Y,0.16632776755637632,0.17104665210043718
2,4,T,0.15459445734555802,0.24556487236767394
3,4,V,0.23896015044879376,0.29197366106791495
4,4,I,0.18884971965434302,0.2968030620579957
5,4,N,0.246119297231223,0.34661114476248905
6,4,Y,0.19608796862664032,0.30040327949917267
7,4,Y,0.21751462138437813,0.3364996821639579
8,4,K,0.12553232719180846,0.2897338533313565
9,4,D,0.22450155444579903,0.3298375702056917
10,4,A,0.23511534060437728,0.3409047511491631
11,4,A,0.23619190817796237,0.3250092697718842
12,4,S,0.293763771392241,0.36109016188631504
13,4,S,0.30244576004911766,0.3871822177108793
14,4,S,0.2560147462364475,0.3294176913168215
15,4,S,0.22297573462782136,0.31140225216694645
16,4,A,0.2507310484320059,0.3177002827540886
17,4,G,0.24653647066492215,0.308220809056684
18,4,Q,0.23780137932056053,0.3045255673454045
19,4,S,0.24216807853819683,0.3214490226459524
20,4,F,0.22443327362885435,0.3050235576863873
21,4,S,0.21931752154940873,0.31527824092922346
22,4,M,0.2269760160243745,0.32862631292072947
23,4,D,0.29073302630191483,0.34827125650437535
24,4,P,0.2882141722744282,0.3707691621970548
25,4,S,0.32288949010893797,0.4347985295502749
26,4,K,0.2524652448724047,0.387901010295181
27,4,F,0.2360722238569517,0.3694510978190643
28,4,T,0.27363872119821975,0.38183667652549447
29,4,E,0.30997697173686345,0.4180787083199845
30,4,P,0.2358578877403247,0.3814029616885692
31,4,V,0.27626174886917704,0.37280031557682825
32,4,K,0.15823442964020545,0.3048379127147413
33,4,D,0.2081798457031485,0.32113428591757825
34,4,L,0.22240151313139558,0.3490290664900032
35,4,M,0.285523029559757,0.37956641091682686
36,4,L,0.22649223153528739,0.3569379377713624
37,4,K,0.17659195914300704,0.3201177298092154
38,4,G,0.21045579222285346,0.28426471772332473
39,4,A,0.25667889352448414,0.32980984125141644
40,4,P,0.20760949805026715,0.32362981938150015
41,4,A,0.22693393861229774,0.33441835800406167
42,4,L,0.17327932687375178,0.2925329162671869
43,4,N,0.14241080952586663,0.20989408303044366
