pdb_position,chain,pdb_aa,wcn_sc,wcn_ca
1,D,A,0.08727487257255977,0.09649941541877748
2,D,T,0.1545378302445002,0.16377491058939883
3,D,Q,0.09843913122544601,0.19488001435738167
4,D,T,0.16560328982281827,0.23024421669758363
5,D,A,0.14134146703319245,0.23678154387000355
6,D,R,0.11422593358290546,0.22900855561366146
7,D,K,0.11072593102155741,0.2270545660098892
8,D,A,0.1296844726893905,0.21878837274651883
9,D,A,0.13949608869346616,0.19526282036403053
10,D,G,0.09604141091266108,0.13609056426181843
