pdb_position,chain,pdb_aa,wcn_sc,wcn_ca
1,D,A,0.2354033198847614,0.2744839363415549
2,D,Q,0.2272530488800203,0.37110637461052803
3,D,V,0.27450151749358404,0.3545001970025372
4,D,S,0.2301116441053161,0.36192051947197285
5,D,R,0.23145686307242166,0.31765312940180684
6,D,Q,0.15373723994284663,0.2520706326653842
7,D,N,0.2143628642976481,0.3121006579886949
8,D,Y,0.2963498745655205,0.3162369452163457
9,D,F,0.2357020266964055,0.35132013308926285
10,D,N,0.3248452785553678,0.3681434540568673
11,D,I,0.26417882118362535,0.3530821138693174
12,D,N,0.30502822217869113,0.37748916301320246
13,D,Y,0.22183931600495432,0.31297857746704716
14,D,F,0.23496583180546343,0.3523464540385213
15,D,K,0.1712542079569216,0.2972092335098427
16,D,D,0.25223115701481374,0.32807535151857986
17,D,A,0.23193080282431916,0.33027090635641076
18,D,A,0.22672303446252393,0.3193876752282243
19,D,S,0.30307399620942993,0.3644353918554713
20,D,N,0.3265706467971378,0.40156434645402267
21,D,G,0.27694308418574953,0.3440893731225564
22,D,A,0.2198790050615791,0.3072561035790558
23,D,S,0.2015137074302482,0.3089691722234402
24,D,K,0.23765511988629356,0.28902618850863365
25,D,L,0.14545886279754497,0.19012677858520804
