pdb_position,chain,pdb_aa,wcn_sc,wcn_ca
1,D,L,0.09284187168220515,0.14737907181517607
2,D,N,0.13376826150520407,0.2251706813424175
3,D,Y,0.18167109191795455,0.25491411758596777
4,D,F,0.17546785580096783,0.26343203821662997
5,D,N,0.25235125880017373,0.29818362880583915
6,D,I,0.21145188201532716,0.3050189974753067
7,D,N,0.2882703848915817,0.3547281202884177
8,D,Y,0.20687050517500274,0.3066611985702211
9,D,F,0.23184565238046725,0.34108486582865505
10,D,K,0.165290157221772,0.2846940018866168
11,D,D,0.2541267049212345,0.32852444829352784
12,D,A,0.24218652780851121,0.3365624388957071
13,D,A,0.23750703660474434,0.3256336830384943
14,D,S,0.3045552560734415,0.3639084111743609
15,D,N,0.326274688463675,0.39990636124176315
16,D,G,0.27347943971900796,0.3401613905246599
17,D,A,0.2255287733018972,0.3120246733862827
18,D,S,0.2262023409487546,0.3238982022010665
19,D,K,0.2147007289273515,0.309941860677628
20,D,L,0.18059026900153177,0.29998660409418726
21,D,E,0.18285579406578725,0.29193441608255244
22,D,F,0.19392341663031953,0.2925688830285958
23,D,T,0.2186011655725507,0.30664334032903495
24,D,Q,0.20767945327636156,0.31044933049749984
25,D,D,0.27141810702729596,0.368625845452765
26,D,P,0.24344534810072854,0.3600026794119327
27,D,S,0.28635988537187335,0.3929295338068856
28,D,K,0.24769433170482522,0.37880980542443854
29,D,F,0.2085008520562835,0.3162906432905731
30,D,T,0.22543364864206983,0.3091921344600152
31,D,D,0.25164538624745497,0.3447069677584629
32,D,P,0.21001449013065562,0.3553975707563683
33,D,V,0.23748904585953087,0.3210592386560874
34,D,K,0.15549353055314563,0.24947138573599692
35,D,D,0.16449996040714707,0.2340487517804853
36,D,V,0.1738542778839254,0.20460742204887866
