pdb_position,chain,pdb_aa,wcn_sc,wcn_ca
1,C,A,0.16319084721508723,0.22546900459259983
2,C,R,0.27379441757912987,0.3301356310964881
3,C,T,0.18619879924014876,0.31142674511778434
4,C,M,0.1518100783438119,0.29887731220137903
5,C,Q,0.23789813244991423,0.3528502113653943
6,C,T,0.17938632647829297,0.29496674528459593
7,C,A,0.1672688558331534,0.2669294387345526
8,C,R,0.11550294817903824,0.27444852231855343
9,C,K,0.21153609225730066,0.35300985267109386
10,C,S,0.2631906190631498,0.32177782934352017
11,C,T,0.23555231848907446,0.30537433016521426
12,C,G,0.2531657255146127,0.28703288616093986
13,C,G,0.2076846164915443,0.2693483573536809
14,C,K,0.2553047105025139,0.30470648784136806
15,C,A,0.18807038501519888,0.2676130961176865
16,C,P,0.1673221382415476,0.2558641041581552
17,C,R,0.16683712087509034,0.26231932005061154
18,C,K,0.1205722372147329,0.24065776796995403
19,C,Q,0.0965440299017027,0.20928950271107863
20,C,L,0.07110773568537025,0.13191622474080789
