pdb_position,chain,pdb_aa,wcn_sc,wcn_ca
1,A,W,0.2016810569669235,0.24344580868885074
2,A,G,0.2521865159488327,0.3108029241982167
3,A,S,0.22376938676690936,0.3448774232495429
4,A,I,0.23209567935514308,0.3874166791439207
5,A,D,0.2730808413065904,0.40204446292932344
6,A,Q,0.24189372885662372,0.41700968846410946
7,A,I,0.25071033399569964,0.4119712998315525
8,A,N,0.2749195566875665,0.41096107410692645
9,A,G,0.3109378096575766,0.4270176781489561
10,A,K,0.23982476347150558,0.4366425714455492
11,A,N,0.2848953145254928,0.44095805868573296
12,A,R,0.2735651424501218,0.43957573132422656
13,A,V,0.2496807590105228,0.4239594318604877
14,A,I,0.26156166100096223,0.4352056291048108
15,A,E,0.2810888246517284,0.4413872755223629
16,A,K,0.26873001918329964,0.45381909138258486
17,A,F,0.26826170051648623,0.4632742289189355
18,A,H,0.2631068987383876,0.45979675960858585
19,A,Q,0.24634858404272217,0.45372425340502837
20,A,I,0.2595895156724138,0.46047385814939235
21,A,E,0.27986646565370177,0.4611209175225579
22,A,K,0.2397944233317435,0.45942447476255566
23,A,E,0.26124992775234746,0.4535475555672646
24,A,F,0.27553586755675746,0.45843647193399717
25,A,S,0.30433967763984815,0.4564332124272019
26,A,E,0.2819298335573392,0.4477614311898814
27,A,V,0.272485527768535,0.44214156903527935
28,A,E,0.31326277608196956,0.4452935825510585
29,A,G,0.3257676152644022,0.43746537026263493
30,A,R,0.2193088287459479,0.41469182083628503
31,A,I,0.24218866248860463,0.39703563330281644
32,A,Q,0.278087548419001,0.408204961149364
33,A,D,0.2378600168815294,0.3845434334955742
34,A,E,0.18981439877359552,0.3296321632768367
35,A,K,0.19607510609320142,0.29024373913936785
36,A,Y,0.14608876776517582,0.21156263181470625
