pdb_position,chain,pdb_aa,wcn_sc,wcn_ca
1,D,I,0.1509901284252474,0.22087137575887758
2,D,N,0.29739460620144803,0.34715528075200863
3,D,F,0.15935293839759831,0.28706398467599636
4,D,Y,0.20997180997886966,0.3283653622721737
5,D,K,0.11627446271731573,0.28128805173742155
6,D,D,0.2244069718943016,0.32196654418051474
7,D,S,0.2125466405879895,0.34557623937955356
8,D,Y,0.2123055411654856,0.32172535658484297
9,D,A,0.2959511102781717,0.3516586975207239
10,D,A,0.320487693242109,0.3904223216444035
11,D,S,0.23493937880925017,0.31972012893563223
12,D,A,0.2367462237604181,0.30585215853720754
13,D,S,0.22264516998930925,0.31652824627069115
14,D,K,0.18970971756624386,0.297290201050128
15,D,Q,0.17827277399604963,0.2955864782724851
16,D,D,0.20784732773683545,0.3121464623061114
17,D,F,0.17621054827237528,0.29484156743526196
18,D,S,0.19564489370709523,0.2966038705243778
19,D,Q,0.21883830027067308,0.311799879659319
20,D,D,0.2815699542184784,0.33910515548513753
21,D,P,0.28282840826568073,0.3691849789600336
22,D,S,0.3110933861024502,0.4369223463550446
23,D,K,0.25117318448291265,0.39030090821713787
24,D,F,0.22769200923367905,0.36401852699662
25,D,T,0.2618777140216471,0.3738252702713869
26,D,E,0.30531741756510383,0.41745955099339577
27,D,P,0.23813797278631677,0.37999030712357557
28,D,V,0.28320595728326664,0.36472780797720505
29,D,V,0.18959319618074533,0.3008034796600665
30,D,E,0.22076664091842546,0.32226324103796855
31,D,G,0.266379799860153,0.35440906215528467
32,D,L,0.29219520312843345,0.3717771722916636
33,D,K,0.20390260792556386,0.34430669610945264
34,D,A,0.21451822615025457,0.29782844698252026
35,D,G,0.22538754906537703,0.28011677062305484
36,D,A,0.24086470134624358,0.3130092045940209
37,D,P,0.17364651913115778,0.2945071070645548
38,D,V,0.22965353741586353,0.3142672189470819
39,D,L,0.15827990605927128,0.21221066836069594
