pdb_position,chain,pdb_aa,wcn_sc,wcn_ca
1,D,Y,0.16531375195864204,0.17301130950318538
2,D,T,0.17317769962199872,0.2568811149354214
3,D,N,0.23497053040970597,0.301329349841553
4,D,I,0.20095572984538682,0.30608719477280266
5,D,N,0.25788481279126285,0.34521555708500673
6,D,Y,0.20288094904820428,0.302308267567487
7,D,Y,0.20892961858090248,0.3332169690674096
8,D,E,0.15483222864224072,0.28793686181360306
9,D,N,0.2392258474093105,0.3263574992534222
10,D,A,0.2701013797806576,0.3540009272980768
11,D,A,0.25156475720740656,0.32592046598245494
12,D,S,0.2785302932288393,0.36315773601863155
13,D,N,0.3178581703853418,0.39992816877749954
14,D,S,0.2566063949646834,0.3413774499192599
15,D,L,0.19393541961704844,0.31862307089142944
16,D,N,0.24455483867400502,0.33337158433864555
17,D,K,0.23617874160184088,0.31679926033482897
18,D,Q,0.22562595015968706,0.30909530547730285
19,D,D,0.18900124331981386,0.300050560910422
20,D,F,0.20061498942231315,0.29292366064864483
21,D,T,0.18872173849546103,0.2925924609290726
22,D,Q,0.22722297797671975,0.3076001817328056
23,D,D,0.2588048701915723,0.32290501189807386
24,D,P,0.2858525133345257,0.37060792530842845
25,D,E,0.2800598560253208,0.4208166328450247
26,D,K,0.23435859536618595,0.38065637793197077
27,D,F,0.22775856145319276,0.36507074454340493
28,D,T,0.2622334966186857,0.37205892704836235
29,D,R,0.275856967172668,0.4040835055304553
30,D,P,0.22691310649816432,0.3781110297275235
31,D,V,0.2753783239776567,0.35599297857006457
32,D,V,0.18034337190790783,0.3013368049979796
33,D,D,0.21640761505243522,0.3229408878009104
34,D,V,0.22874735948341826,0.34908845274083766
35,D,M,0.2916741998497487,0.3917745456293469
36,D,K,0.20426828341356587,0.3632309668196906
37,D,E,0.18948597578243587,0.31718409541320186
38,D,A,0.20300276498196337,0.2851793839208173
39,D,A,0.2581275035955623,0.34182830932723013
40,D,V,0.20932755028550354,0.3195716057095067
41,D,P,0.24146023803022887,0.3467755621299663
42,D,L,0.16671288890111904,0.28795719026758226
43,D,K,0.1470539049902578,0.2108391269141773
