pdb_position,chain,pdb_aa,wcn_sc,wcn_ca
1,D,A,0.1188060966691095,0.16800164728495698
2,D,R,0.1589985988262818,0.278596250502206
3,D,T,0.21193186764715727,0.3184494944890638
4,D,K,0.1404273342150163,0.3207497549490554
5,D,Q,0.1825683917711968,0.3365566412125634
6,D,T,0.26175127334899273,0.3837907106379716
7,D,A,0.26334254726848455,0.4040447743470151
8,D,R,0.18922439815776437,0.3981567755952784
9,D,K,0.1742012096380118,0.3615973882759539
10,D,S,0.22050010054055832,0.33351098986979427
11,D,T,0.22609582810512244,0.31701086234166514
12,D,G,0.22780255911412395,0.306767047557864
13,D,G,0.20609091918119354,0.2427559951377573
14,D,A,0.1469473767292524,0.1903772829074079
15,D,P,0.09881947983697298,0.12240577642936207
