pdb_position,chain,pdb_aa,wcn_sc,wcn_ca
1,E,G,0.14975969441179496,0.15362540893730836
2,E,G,0.156242041410518,0.2019398231207555
3,E,K,0.08064669465910448,0.19458594425098644
4,E,A,0.14691070232577014,0.2005940124997186
5,E,P,0.11831649856286322,0.1818665212872439
6,E,R,0.09410367380470108,0.1416331263392957
7,E,A,0.09222814705367119,0.1222775174376112
8,E,S,0.09737776263000553,0.1519633230925918
9,E,K,0.11265580673420174,0.17680666548221563
10,E,A,0.15005556363785305,0.20072492408932402
11,E,A,0.1016729204322943,0.18356941869872495
12,E,R,0.06421047659467215,0.13158986382424023
