pdb_position,chain,pdb_aa,wcn_sc,wcn_ca
1,D,R,0.10033517907813277,0.13301615246551673
2,D,T,0.11287230539879473,0.19926899962471858
3,D,K,0.1256938341598337,0.2217430430512431
4,D,Q,0.16269800350616898,0.23973741421979677
5,D,T,0.1929550654733202,0.24448952663584622
6,D,A,0.14230694799731697,0.23813031640247512
7,D,R,0.1675306978444052,0.25523682429132544
8,D,K,0.14501366233133686,0.253944893699388
9,D,S,0.15647846881444868,0.2574470516898051
10,D,T,0.23655000772404863,0.2795795733853752
11,D,G,0.2196400697120024,0.24482412902509104
12,D,G,0.22243252733040975,0.264503079501417
13,D,K,0.22658720315921996,0.282405104252325
14,D,A,0.24711626981003756,0.27595031913725887
15,D,P,0.16465397423004288,0.2566993934983365
16,D,R,0.1908134827665883,0.2494790652407829
17,D,C,0.24039896284190246,0.2815966243590951
18,D,Q,0.13056112226830469,0.23246876841532144
19,D,L,0.10961178380078684,0.15799635574126247
