site,MLE,Lower,Upper,LogL_global,LogL_local
1,0.720386,0.50,1.00,-212.647,-210.774
2,0.750831,0.53,1.03,-224.474,-222.893
3,2.472329,2.05,2.96,-636.994,-600.046
4,1.949780,1.60,2.35,-548.557,-529.322
5,2.145348,1.78,2.56,-616.476,-588.122
6,1.164412,0.93,1.44,-423.316,-422.405
7,1.099133,0.87,1.37,-377.205,-376.874
8,0.406409,0.27,0.58,-157.844,-143.361
9,0.194914,0.12,0.30,-165.219,-121.712
10,0.786608,0.51,1.15,-147.463,-146.747
11,1.640136,1.31,2.02,-385.121,-376.481
12,0.057474,0.01,0.18,-46.388,-19.464
13,0.880060,0.64,1.17,-249.968,-249.601
14,0.977745,0.73,1.27,-267.424,-267.411
15,1.495609,1.19,1.86,-390.707,-385.069
16,0.085115,0.03,0.17,-102.887,-53.788
17,0.719564,0.53,0.95,-232.458,-229.679
18,0.486453,0.33,0.69,-168.311,-158.907
19,0.140017,0.06,0.27,-91.910,-64.120
20,0.233517,0.14,0.36,-154.381,-123.739
21,2.735958,2.31,3.22,-787.263,-732.549
22,0.918565,0.69,1.19,-287.396,-287.206
23,0.535560,0.38,0.73,-229.294,-220.486
24,0.856771,0.65,1.10,-282.558,-281.844
25,2.237446,1.85,2.69,-565.498,-537.058
