site,MLE,Lower,Upper,LogL_global,LogL_local
1,1.062658075725319,0.8308122499561619,1.335411394820363,-374.355536815935,-374.2315230857407
2,1.293191713690321,1.035195836780822,1.596019172571906,-473.0545379336648,-470.5132374412681
3,0.1388281786752985,0.07933543625611578,0.2236139038087916,-151.4104266815917,-96.50937630037023
4,1.515538352095144,1.198848299398828,1.88920957903938,-441.4899483186852,-435.7324386185857
5,0.8922186085397966,0.5849533167031942,1.294925898119536,-165.8660560031415,-165.7005124886978
6,5.766018496760596,4.907440598998845,6.756604189551077,-1045.928790300271,-872.5595142865918
7,2.054388794182881,1.703325880042479,2.458277891305749,-634.2758180907989,-609.3518138976601
8,0,0,0.03191299075861589,-59.62586729406568,-1.786423729638536
9,0.178330023301606,0.110174875922452,0.2715039263781014,-157.8653730389436,-108.5877312968472
10,0.9396461055862944,0.69442445868941,1.239942377950318,-251.662080806104,-251.5713804850316
11,0.01663662155664636,0.0009489914579200599,0.07342292563442869,-67.18903282601015,-14.51834457304856
12,1.415462709735241,1.113760556697124,1.769287189589876,-389.8678554694405,-385.9615681724283
13,0.6166515328555267,0.4681174824767586,0.7953981312483895,-368.6250309998566,-361.1899101183213
14,0,0,0.03191299075861589,-59.62586729406568,-1.786423729638536
15,1.008635458824746,0.8062750725606042,1.247245483773507,-504.2531025368551,-504.250117447279
16,3.206595497345929,2.663834998091792,3.830744877927999,-695.1453544145664,-634.9713697774139
17,0.7601655970577114,0.5806894293343906,0.9762719475276359,-373.2800854718444,-370.957091393164
18,6.740639792367023e-18,0,0.03196057343003472,-59.53717864805714,-1.786423729638536
19,0.1083227898311023,0.02691185868014655,0.2814526661975649,-46.08304261742686,-28.30421407189351
20,0.4691334938260757,0.3599236417232884,0.5998842131564014,-436.2653040086429,-415.2144418212801
21,4.934761958047617,4.216818761811312,5.751408718815037,-1034.78523530326,-886.9052580904353
22,0.04152041438475228,0.01288047847824472,0.09659562900200519,-116.1868658077015,-39.37805754032561
23,0.1431344145739663,0.08174727679442383,0.230721807892619,-144.5803294303847,-92.08522191794341
24,3.810129065409935,3.236962030108677,4.46073884291104,-973.1221507380021,-874.1772117735804