site,MLE,Lower,Upper,LogL_global,LogL_local
1,1.626793,0.47,7.32,-23.707,-23.409
2,4.338940,2.64,7.23,-115.843,-101.430
3,3.591805,2.52,5.09,-200.656,-178.934
4,1.710195,1.27,2.26,-238.500,-232.622
5,4.483551,3.67,5.46,-784.145,-689.669
6,3.130409,2.63,3.71,-825.032,-755.098
7,4.701138,4.04,5.49,-1349.112,-1170.491
8,3.418028,2.95,3.97,-1113.605,-999.883
9,3.424420,2.94,3.99,-1130.540,-1027.002
10,2.564328,2.16,3.02,-774.427,-726.314
11,0.659910,0.54,0.80,-433.935,-425.078
12,2.722274,2.32,3.18,-1106.605,-1040.681
13,0.281831,0.22,0.36,-364.878,-301.395
14,1.090945,0.85,1.38,-424.110,-423.870
15,1.990530,1.71,2.31,-833.656,-800.168
16,1.111358,0.91,1.34,-568.414,-567.847
17,0.349461,0.27,0.44,-468.721,-424.394
18,1.078165,0.80,1.42,-261.785,-261.655
19,0.435623,0.35,0.54,-476.463,-446.188
20,0.392926,0.26,0.56,-186.294,-170.367
21,1.626745,1.38,1.91,-841.536,-825.626
22,1.682445,1.42,1.98,-727.503,-711.225
23,0.766723,0.63,0.93,-634.752,-630.854
24,1.113030,0.93,1.33,-706.569,-705.895
25,0.599908,0.49,0.73,-417.080,-403.502
26,0.836984,0.69,1.01,-611.221,-609.454
27,1.790097,1.47,2.16,-606.599,-591.694
28,0.353513,0.23,0.52,-168.907,-151.025
29,0.287955,0.22,0.37,-365.935,-307.361
30,1.270094,1.08,1.48,-854.992,-850.932
31,0.272896,0.21,0.35,-349.156,-281.391
32,0.309481,0.19,0.47,-164.850,-144.697
33,2.098285,1.79,2.44,-839.027,-802.531
34,0.831888,0.65,1.04,-423.802,-422.566
35,0.674114,0.56,0.81,-569.663,-560.317
36,0.687840,0.56,0.84,-439.900,-433.022
37,0.490934,0.40,0.60,-366.914,-343.081
38,0.733945,0.57,0.92,-358.142,-354.547
39,0.280215,0.21,0.37,-349.077,-287.138
40,0.842459,0.64,1.09,-336.527,-335.691
41,0.593087,0.49,0.71,-529.745,-512.776
42,0.308379,0.24,0.40,-394.850,-343.894
43,0.103722,0.07,0.15,-264.138,-135.605
44,0.803903,0.66,0.96,-573.525,-570.677
